<?xml version="1.0" encoding="UTF-8"?><ImplementationGuide xmlns="http://hl7.org/fhir"><id value="who.fhir.smart-immunizations-measles"/><meta><profile value="http://smart.who.int/ig/smart-base/ImplementationGuide-SGImplementationGuide"/></meta><text><status value="extensions"/><div xmlns="http://www.w3.org/1999/xhtml"><h2>SMART</h2><p>The official URL for this implementation guide is: </p><pre>http://smart.who.int/ig/smart-immunizations-measles/ImplementationGuide/who.fhir.smart-immunizations-measles</pre></div></text><url value="http://smart.who.int/ig/smart-immunizations-measles/ImplementationGuide/who.fhir.smart-immunizations-measles"/><version value="0.1.0"/><name value="SMART"/><status value="draft"/><date value="2023-10-17T17:18:47+00:00"/><publisher value="WHO"/><contact><name value="WHO"/><telecom><system value="url"/><value value="http://who.int"/></telecom></contact><packageId value="who.fhir.smart-immunizations-measles"/><license value="CC-BY-SA-3.0"/><fhirVersion value="4.0.1"/><dependsOn id="hl7tx"><extension url="http://hl7.org/fhir/tools/StructureDefinition/implementationguide-dependency-comment"><valueMarkdown value="Automatically added as a dependency - all IGs depend on HL7 Terminology"/></extension><uri value="http://terminology.hl7.org/ImplementationGuide/hl7.terminology"/><packageId value="hl7.terminology.r4"/><version value="5.3.0"/></dependsOn><dependsOn id="hl7ext"><extension url="http://hl7.org/fhir/tools/StructureDefinition/implementationguide-dependency-comment"><valueMarkdown value="Automatically added as a dependency - all IGs depend on the HL7 Extension Pack"/></extension><uri value="http://hl7.org/fhir/extensions/ImplementationGuide/hl7.fhir.uv.extensions"/><packageId value="hl7.fhir.uv.extensions.r4"/><version value="1.0.0"/></dependsOn><dependsOn id="who_fhir_smart_base"><uri value="http://smart.who.int/ig/smart-base/ImplementationGuide/who.fhir.smart-base"/><packageId value="who.fhir.smart-base"/><version value="dev"/></dependsOn><dependsOn id="hl7_fhir_uv_sdc"><uri value="http://hl7.org/fhir/uv/sdc/ImplementationGuide/hl7.fhir.uv.sdc"/><packageId value="hl7.fhir.uv.sdc"/><version value="3.0.0"/></dependsOn><dependsOn id="hl7_fhir_uv_cpg"><uri value="http://hl7.org/fhir/uv/cpg/ImplementationGuide/hl7.fhir.uv.cpg"/><packageId value="hl7.fhir.uv.cpg"/><version value="current"/></dependsOn><dependsOn id="hl7_fhir_us_cqfmeasures"><uri value="http://hl7.org/fhir/us/cqfmeasures/ImplementationGuide/hl7.fhir.us.cqfmeasures"/><packageId value="hl7.fhir.us.cqfmeasures"/><version value="current"/></dependsOn><definition><extension url="http://hl7.org/fhir/tools/StructureDefinition/ig-parameter"><extension url="code"><valueString value="copyrightyear"/></extension><extension url="value"><valueString value="2023+"/></extension></extension><extension url="http://hl7.org/fhir/tools/StructureDefinition/ig-parameter"><extension url="code"><valueString value="releaselabel"/></extension><extension url="value"><valueString value="ci-build"/></extension></extension><extension url="http://hl7.org/fhir/tools/StructureDefinition/ig-parameter"><extension url="code"><valueString value="produce-jekyll-data"/></extension><extension url="value"><valueString value="true"/></extension></extension><extension url="http://hl7.org/fhir/tools/StructureDefinition/ig-parameter"><extension url="code"><valueString value="special-url"/></extension><extension url="value"><valueString value="http://id.who.int/icd11/mms"/></extension></extension><extension url="http://hl7.org/fhir/tools/StructureDefinition/ig-parameter"><extension url="code"><valueString value="autoload-resources"/></extension><extension url="value"><valueString value="true"/></extension></extension><extension url="http://hl7.org/fhir/tools/StructureDefinition/ig-parameter"><extension url="code"><valueString value="path-liquid"/></extension><extension url="value"><valueString value="template/liquid"/></extension></extension><extension url="http://hl7.org/fhir/tools/StructureDefinition/ig-parameter"><extension url="code"><valueString value="path-liquid"/></extension><extension url="value"><valueString value="input/liquid"/></extension></extension><extension url="http://hl7.org/fhir/tools/StructureDefinition/ig-parameter"><extension url="code"><valueString value="path-qa"/></extension><extension url="value"><valueString value="temp/qa"/></extension></extension><extension url="http://hl7.org/fhir/tools/StructureDefinition/ig-parameter"><extension url="code"><valueString value="path-temp"/></extension><extension url="value"><valueString value="temp/pages"/></extension></extension><extension url="http://hl7.org/fhir/tools/StructureDefinition/ig-parameter"><extension url="code"><valueString value="path-output"/></extension><extension url="value"><valueString value="output"/></extension></extension><extension url="http://hl7.org/fhir/tools/StructureDefinition/ig-parameter"><extension url="code"><valueString value="path-suppressed-warnings"/></extension><extension url="value"><valueString value="input/ignoreWarnings.txt"/></extension></extension><extension url="http://hl7.org/fhir/tools/StructureDefinition/ig-parameter"><extension url="code"><valueString value="path-history"/></extension><extension url="value"><valueString value="http://smart.who.int/ig/smart-immunizations-measles/history.html"/></extension></extension><extension url="http://hl7.org/fhir/tools/StructureDefinition/ig-parameter"><extension url="code"><valueString value="template-html"/></extension><extension url="value"><valueString value="template-page.html"/></extension></extension><extension url="http://hl7.org/fhir/tools/StructureDefinition/ig-parameter"><extension url="code"><valueString value="template-md"/></extension><extension url="value"><valueString value="template-page-md.html"/></extension></extension><extension url="http://hl7.org/fhir/tools/StructureDefinition/ig-parameter"><extension url="code"><valueString value="apply-contact"/></extension><extension url="value"><valueString value="true"/></extension></extension><extension url="http://hl7.org/fhir/tools/StructureDefinition/ig-parameter"><extension url="code"><valueString value="apply-context"/></extension><extension url="value"><valueString value="true"/></extension></extension><extension url="http://hl7.org/fhir/tools/StructureDefinition/ig-parameter"><extension url="code"><valueString value="apply-copyright"/></extension><extension url="value"><valueString value="true"/></extension></extension><extension url="http://hl7.org/fhir/tools/StructureDefinition/ig-parameter"><extension url="code"><valueString value="apply-jurisdiction"/></extension><extension url="value"><valueString value="true"/></extension></extension><extension url="http://hl7.org/fhir/tools/StructureDefinition/ig-parameter"><extension url="code"><valueString value="apply-license"/></extension><extension url="value"><valueString value="true"/></extension></extension><extension url="http://hl7.org/fhir/tools/StructureDefinition/ig-parameter"><extension url="code"><valueString value="apply-publisher"/></extension><extension url="value"><valueString value="true"/></extension></extension><extension url="http://hl7.org/fhir/tools/StructureDefinition/ig-parameter"><extension url="code"><valueString value="apply-version"/></extension><extension url="value"><valueString value="true"/></extension></extension><extension url="http://hl7.org/fhir/tools/StructureDefinition/ig-parameter"><extension url="code"><valueString value="apply-wg"/></extension><extension url="value"><valueString value="true"/></extension></extension><extension url="http://hl7.org/fhir/tools/StructureDefinition/ig-parameter"><extension url="code"><valueString value="active-tables"/></extension><extension url="value"><valueString value="true"/></extension></extension><extension url="http://hl7.org/fhir/tools/StructureDefinition/ig-parameter"><extension url="code"><valueString value="fmm-definition"/></extension><extension url="value"><valueString value="http://hl7.org/fhir/versions.html#maturity"/></extension></extension><extension url="http://hl7.org/fhir/tools/StructureDefinition/ig-parameter"><extension url="code"><valueString value="propagate-status"/></extension><extension url="value"><valueString value="true"/></extension></extension><extension url="http://hl7.org/fhir/tools/StructureDefinition/ig-parameter"><extension url="code"><valueString value="excludelogbinaryformat"/></extension><extension url="value"><valueString value="true"/></extension></extension><extension url="http://hl7.org/fhir/tools/StructureDefinition/ig-parameter"><extension url="code"><valueString value="tabbed-snapshots"/></extension><extension url="value"><valueString value="true"/></extension></extension><extension url="http://hl7.org/fhir/tools/StructureDefinition/ig-internal-dependency"><valueCode value="hl7.fhir.uv.tools#current"/></extension><extension url="http://hl7.org/fhir/tools/StructureDefinition/ig-parameter"><extension url="code"><valueCode value="copyrightyear"/></extension><extension url="value"><valueString value="2023+"/></extension></extension><extension url="http://hl7.org/fhir/tools/StructureDefinition/ig-parameter"><extension url="code"><valueCode value="releaselabel"/></extension><extension url="value"><valueString value="ci-build"/></extension></extension><extension url="http://hl7.org/fhir/tools/StructureDefinition/ig-parameter"><extension url="code"><valueCode value="produce-jekyll-data"/></extension><extension url="value"><valueString value="true"/></extension></extension><extension url="http://hl7.org/fhir/tools/StructureDefinition/ig-parameter"><extension url="code"><valueCode value="special-url"/></extension><extension url="value"><valueString value="http://id.who.int/icd11/mms"/></extension></extension><extension url="http://hl7.org/fhir/tools/StructureDefinition/ig-parameter"><extension url="code"><valueCode value="autoload-resources"/></extension><extension url="value"><valueString value="true"/></extension></extension><extension url="http://hl7.org/fhir/tools/StructureDefinition/ig-parameter"><extension url="code"><valueCode value="path-liquid"/></extension><extension url="value"><valueString value="template/liquid"/></extension></extension><extension url="http://hl7.org/fhir/tools/StructureDefinition/ig-parameter"><extension url="code"><valueCode value="path-liquid"/></extension><extension url="value"><valueString value="input/liquid"/></extension></extension><extension url="http://hl7.org/fhir/tools/StructureDefinition/ig-parameter"><extension url="code"><valueCode value="path-qa"/></extension><extension url="value"><valueString value="temp/qa"/></extension></extension><extension url="http://hl7.org/fhir/tools/StructureDefinition/ig-parameter"><extension url="code"><valueCode value="path-temp"/></extension><extension url="value"><valueString value="temp/pages"/></extension></extension><extension url="http://hl7.org/fhir/tools/StructureDefinition/ig-parameter"><extension url="code"><valueCode value="path-output"/></extension><extension url="value"><valueString value="output"/></extension></extension><extension url="http://hl7.org/fhir/tools/StructureDefinition/ig-parameter"><extension url="code"><valueCode value="path-suppressed-warnings"/></extension><extension url="value"><valueString value="input/ignoreWarnings.txt"/></extension></extension><extension url="http://hl7.org/fhir/tools/StructureDefinition/ig-parameter"><extension url="code"><valueCode value="path-history"/></extension><extension url="value"><valueString value="http://smart.who.int/ig/smart-immunizations-measles/history.html"/></extension></extension><extension url="http://hl7.org/fhir/tools/StructureDefinition/ig-parameter"><extension url="code"><valueCode value="template-html"/></extension><extension url="value"><valueString value="template-page.html"/></extension></extension><extension url="http://hl7.org/fhir/tools/StructureDefinition/ig-parameter"><extension url="code"><valueCode value="template-md"/></extension><extension url="value"><valueString value="template-page-md.html"/></extension></extension><extension url="http://hl7.org/fhir/tools/StructureDefinition/ig-parameter"><extension url="code"><valueCode value="apply-contact"/></extension><extension url="value"><valueString value="true"/></extension></extension><extension url="http://hl7.org/fhir/tools/StructureDefinition/ig-parameter"><extension url="code"><valueCode value="apply-context"/></extension><extension url="value"><valueString value="true"/></extension></extension><extension url="http://hl7.org/fhir/tools/StructureDefinition/ig-parameter"><extension url="code"><valueCode value="apply-copyright"/></extension><extension url="value"><valueString value="true"/></extension></extension><extension url="http://hl7.org/fhir/tools/StructureDefinition/ig-parameter"><extension url="code"><valueCode value="apply-jurisdiction"/></extension><extension url="value"><valueString value="true"/></extension></extension><extension url="http://hl7.org/fhir/tools/StructureDefinition/ig-parameter"><extension url="code"><valueCode value="apply-license"/></extension><extension url="value"><valueString value="true"/></extension></extension><extension url="http://hl7.org/fhir/tools/StructureDefinition/ig-parameter"><extension url="code"><valueCode value="apply-publisher"/></extension><extension url="value"><valueString value="true"/></extension></extension><extension url="http://hl7.org/fhir/tools/StructureDefinition/ig-parameter"><extension url="code"><valueCode value="apply-version"/></extension><extension url="value"><valueString value="true"/></extension></extension><extension url="http://hl7.org/fhir/tools/StructureDefinition/ig-parameter"><extension url="code"><valueCode value="apply-wg"/></extension><extension url="value"><valueString value="true"/></extension></extension><extension url="http://hl7.org/fhir/tools/StructureDefinition/ig-parameter"><extension url="code"><valueCode value="active-tables"/></extension><extension url="value"><valueString value="true"/></extension></extension><extension url="http://hl7.org/fhir/tools/StructureDefinition/ig-parameter"><extension url="code"><valueCode value="fmm-definition"/></extension><extension url="value"><valueString value="http://hl7.org/fhir/versions.html#maturity"/></extension></extension><extension url="http://hl7.org/fhir/tools/StructureDefinition/ig-parameter"><extension url="code"><valueCode value="propagate-status"/></extension><extension url="value"><valueString value="true"/></extension></extension><extension url="http://hl7.org/fhir/tools/StructureDefinition/ig-parameter"><extension url="code"><valueCode value="excludelogbinaryformat"/></extension><extension url="value"><valueString value="true"/></extension></extension><extension url="http://hl7.org/fhir/tools/StructureDefinition/ig-parameter"><extension url="code"><valueCode value="tabbed-snapshots"/></extension><extension url="value"><valueString value="true"/></extension></extension><extension url="http://hl7.org/fhir/tools/StructureDefinition/ig-parameter"><extension url="code"><valueCode value="copyrightyear"/></extension><extension url="value"><valueString value="2023+"/></extension></extension><extension url="http://hl7.org/fhir/tools/StructureDefinition/ig-parameter"><extension url="code"><valueCode value="releaselabel"/></extension><extension url="value"><valueString value="ci-build"/></extension></extension><extension url="http://hl7.org/fhir/tools/StructureDefinition/ig-parameter"><extension url="code"><valueCode value="produce-jekyll-data"/></extension><extension url="value"><valueString value="true"/></extension></extension><extension url="http://hl7.org/fhir/tools/StructureDefinition/ig-parameter"><extension url="code"><valueCode value="special-url"/></extension><extension url="value"><valueString value="http://id.who.int/icd11/mms"/></extension></extension><extension url="http://hl7.org/fhir/tools/StructureDefinition/ig-parameter"><extension url="code"><valueCode value="autoload-resources"/></extension><extension url="value"><valueString value="true"/></extension></extension><extension url="http://hl7.org/fhir/tools/StructureDefinition/ig-parameter"><extension url="code"><valueCode value="path-liquid"/></extension><extension url="value"><valueString value="template/liquid"/></extension></extension><extension url="http://hl7.org/fhir/tools/StructureDefinition/ig-parameter"><extension url="code"><valueCode value="path-liquid"/></extension><extension url="value"><valueString value="input/liquid"/></extension></extension><extension url="http://hl7.org/fhir/tools/StructureDefinition/ig-parameter"><extension url="code"><valueCode value="path-qa"/></extension><extension url="value"><valueString value="temp/qa"/></extension></extension><extension url="http://hl7.org/fhir/tools/StructureDefinition/ig-parameter"><extension url="code"><valueCode value="path-temp"/></extension><extension url="value"><valueString value="temp/pages"/></extension></extension><extension url="http://hl7.org/fhir/tools/StructureDefinition/ig-parameter"><extension url="code"><valueCode value="path-output"/></extension><extension url="value"><valueString value="output"/></extension></extension><extension url="http://hl7.org/fhir/tools/StructureDefinition/ig-parameter"><extension url="code"><valueCode value="path-suppressed-warnings"/></extension><extension url="value"><valueString value="input/ignoreWarnings.txt"/></extension></extension><extension url="http://hl7.org/fhir/tools/StructureDefinition/ig-parameter"><extension url="code"><valueCode value="path-history"/></extension><extension url="value"><valueString value="http://smart.who.int/ig/smart-immunizations-measles/history.html"/></extension></extension><extension url="http://hl7.org/fhir/tools/StructureDefinition/ig-parameter"><extension url="code"><valueCode value="template-html"/></extension><extension url="value"><valueString value="template-page.html"/></extension></extension><extension url="http://hl7.org/fhir/tools/StructureDefinition/ig-parameter"><extension url="code"><valueCode value="template-md"/></extension><extension url="value"><valueString value="template-page-md.html"/></extension></extension><extension url="http://hl7.org/fhir/tools/StructureDefinition/ig-parameter"><extension url="code"><valueCode value="apply-contact"/></extension><extension url="value"><valueString value="true"/></extension></extension><extension url="http://hl7.org/fhir/tools/StructureDefinition/ig-parameter"><extension url="code"><valueCode value="apply-context"/></extension><extension url="value"><valueString value="true"/></extension></extension><extension url="http://hl7.org/fhir/tools/StructureDefinition/ig-parameter"><extension url="code"><valueCode value="apply-copyright"/></extension><extension url="value"><valueString value="true"/></extension></extension><extension url="http://hl7.org/fhir/tools/StructureDefinition/ig-parameter"><extension url="code"><valueCode value="apply-jurisdiction"/></extension><extension url="value"><valueString value="true"/></extension></extension><extension url="http://hl7.org/fhir/tools/StructureDefinition/ig-parameter"><extension url="code"><valueCode value="apply-license"/></extension><extension url="value"><valueString value="true"/></extension></extension><extension url="http://hl7.org/fhir/tools/StructureDefinition/ig-parameter"><extension url="code"><valueCode value="apply-publisher"/></extension><extension url="value"><valueString value="true"/></extension></extension><extension url="http://hl7.org/fhir/tools/StructureDefinition/ig-parameter"><extension url="code"><valueCode value="apply-version"/></extension><extension url="value"><valueString value="true"/></extension></extension><extension url="http://hl7.org/fhir/tools/StructureDefinition/ig-parameter"><extension url="code"><valueCode value="apply-wg"/></extension><extension url="value"><valueString value="true"/></extension></extension><extension url="http://hl7.org/fhir/tools/StructureDefinition/ig-parameter"><extension url="code"><valueCode value="active-tables"/></extension><extension url="value"><valueString value="true"/></extension></extension><extension url="http://hl7.org/fhir/tools/StructureDefinition/ig-parameter"><extension url="code"><valueCode value="fmm-definition"/></extension><extension url="value"><valueString value="http://hl7.org/fhir/versions.html#maturity"/></extension></extension><extension url="http://hl7.org/fhir/tools/StructureDefinition/ig-parameter"><extension url="code"><valueCode value="propagate-status"/></extension><extension url="value"><valueString value="true"/></extension></extension><extension url="http://hl7.org/fhir/tools/StructureDefinition/ig-parameter"><extension url="code"><valueCode value="excludelogbinaryformat"/></extension><extension url="value"><valueString value="true"/></extension></extension><extension url="http://hl7.org/fhir/tools/StructureDefinition/ig-parameter"><extension url="code"><valueCode value="tabbed-snapshots"/></extension><extension url="value"><valueString value="true"/></extension></extension><grouping id="-ka-activitydefinition"><name value="Knowledge Artifacts: Activity Definitions"/><description value="These define activities that can be performed as part of content in this implementation guide."/></grouping><grouping id="-ka-plandefinition"><name value="Knowledge Artifacts: Plan Definitions"/><description value="These define workflows, rules, strategies, or protocols as part of content in this implementation guide."/></grouping><grouping id="-ka-library"><name value="Knowledge Artifacts: Libraries"/><description value="These define logic, asset collections and other libraries as part of content in this implementation guide."/></grouping><grouping id="-str-logicalmodel"><name value="Structures: Logical Models"/><description value="These define data models that represent the domain covered by this implementation guide in more business-friendly terms than the underlying FHIR resources."/></grouping><grouping id="-str-questionnaire"><name value="Structures: Questionnaires"/><description value="These define forms used by systems conforming to this implementation guide to capture or expose data to end users."/></grouping><grouping id="-str-profile"><name value="Structures: Resource Profiles"/><description value="These define constraints on FHIR resources for systems conforming to this implementation guide."/></grouping><grouping id="-str-extension"><name value="Structures: Extension Definitions"/><description value="These define constraints on FHIR data types for systems conforming to this implementation guide."/></grouping><grouping id="-term-valueset"><name value="Terminology: Value Sets"/><description value="These define sets of codes used by systems conforming to this implementation guide."/></grouping><grouping id="-term-codesystem"><name value="Terminology: Code Systems"/><description value="These define new code systems used by systems conforming to this implementation guide."/></grouping><grouping id="-map-structuremap"><name value="Terminology: Structure Maps"/><description value="These define transformations to convert between data structures used by systems conforming to this implementation guide."/></grouping><grouping id="-map-conceptmap"><name value="Terminology: Concept Maps"/><description value="These define transformations to convert between codes by systems conforming with this implementation guide."/></grouping><grouping id="-ex-example"><name value="Example: Example Instances"/><description value="These are example instances that show what data produced and consumed by systems conforming with this implementation guide might look like."/></grouping><grouping id="-other"><name value="Other"/><description value="These are resources that are used within this implementation guide that do not fit into one of the other categories."/></grouping><resource><extension url="http://hl7.org/fhir/tools/StructureDefinition/resource-sort"><valueInteger value="999999999"/></extension><extension url="http://hl7.org/fhir/StructureDefinition/implementationguide-page"><valueUri value="ActivityDefinition-IMMZD2DTMeaslesCIMR.html"/></extension><reference><reference value="ActivityDefinition/IMMZD2DTMeaslesCIMR"/></reference><name value="IMMZ.D2.DT.Measles.Contraindication"/><description value="Provide measles immunization"/><exampleBoolean value="false"/><groupingId value="-ka-activitydefinition"/></resource><resource><extension url="http://hl7.org/fhir/tools/StructureDefinition/resource-sort"><valueInteger value="999999999"/></extension><extension url="http://hl7.org/fhir/StructureDefinition/implementationguide-page"><valueUri value="ActivityDefinition-IMMZD2DTMeaslesEval.html"/></extension><reference><reference value="ActivityDefinition/IMMZD2DTMeaslesEval"/></reference><name value="IMMZ.D2.DT.Measles.Eval"/><description value="Provide measles immunization"/><exampleBoolean value="false"/><groupingId value="-ka-activitydefinition"/></resource><resource><extension url="http://hl7.org/fhir/tools/StructureDefinition/resource-sort"><valueInteger value="999999999"/></extension><extension url="http://hl7.org/fhir/StructureDefinition/implementationguide-page"><valueUri value="ActivityDefinition-IMMZD2DTMeaslesMR.html"/></extension><reference><reference value="ActivityDefinition/IMMZD2DTMeaslesMR"/></reference><name value="IMMZ.D2.DT.Measles.MR"/><description value="Provide measles immunization"/><exampleBoolean value="false"/><groupingId value="-ka-activitydefinition"/></resource><resource><extension url="http://hl7.org/fhir/tools/StructureDefinition/resource-sort"><valueInteger value="999999999"/></extension><extension url="http://hl7.org/fhir/StructureDefinition/implementationguide-page"><valueUri value="PlanDefinition-IMMZD2DTMeasles.html"/></extension><reference><reference value="PlanDefinition/IMMZD2DTMeasles"/></reference><name value="IMMZ.D2.DT.Measles"/><description value="If the child or patient has not been given MCV1 (at 9 months) and MCV2 (between 15-18 months) vaccination"/><exampleBoolean value="false"/><groupingId value="-ka-plandefinition"/></resource><resource><extension url="http://hl7.org/fhir/tools/StructureDefinition/resource-sort"><valueInteger value="999999999"/></extension><extension url="http://hl7.org/fhir/StructureDefinition/implementationguide-page"><valueUri value="PlanDefinition-IMMZD2DTMeaslesCI.html"/></extension><reference><reference value="PlanDefinition/IMMZD2DTMeaslesCI"/></reference><name value="IMMZ.D2.DT.Measles.Contraindication"/><description value="Check contraindications for Measles vaccine"/><exampleBoolean value="false"/><groupingId value="-ka-plandefinition"/></resource><resource><extension url="http://hl7.org/fhir/tools/StructureDefinition/resource-sort"><valueInteger value="999999999"/></extension><extension url="http://hl7.org/fhir/StructureDefinition/implementationguide-page"><valueUri value="PlanDefinition-IMMZDTUmbrella.html"/></extension><reference><reference value="PlanDefinition/IMMZDTUmbrella"/></reference><name value="IMMZ.DT.Umbrella"/><description value="If the child or patient has not been given MCV1 (at 9 months) and MCV2 (between 15-18 months) vaccination"/><exampleBoolean value="false"/><groupingId value="-ka-plandefinition"/></resource><resource><extension url="http://hl7.org/fhir/tools/StructureDefinition/resource-sort"><valueInteger value="999999999"/></extension><extension url="http://hl7.org/fhir/StructureDefinition/implementationguide-page"><valueUri value="Library-FHIRCommon.html"/></extension><reference><reference value="Library/FHIRCommon"/></reference><name value="FHIRCommon"/><exampleBoolean value="false"/><groupingId value="-ka-library"/></resource><resource><extension url="http://hl7.org/fhir/tools/StructureDefinition/resource-sort"><valueInteger value="999999999"/></extension><extension url="http://hl7.org/fhir/StructureDefinition/implementationguide-page"><valueUri value="Library-FHIRHelpers.html"/></extension><reference><reference value="Library/FHIRHelpers"/></reference><name value="FHIRHelpers"/><exampleBoolean value="false"/><groupingId value="-ka-library"/></resource><resource><extension url="http://hl7.org/fhir/tools/StructureDefinition/resource-sort"><valueInteger value="999999999"/></extension><extension url="http://hl7.org/fhir/StructureDefinition/implementationguide-page"><valueUri value="Library-IMMZCommon.html"/></extension><reference><reference value="Library/IMMZCommon"/></reference><name value="IMMZCommon"/><exampleBoolean value="false"/><groupingId value="-ka-library"/></resource><resource><extension url="http://hl7.org/fhir/tools/StructureDefinition/resource-sort"><valueInteger value="999999999"/></extension><extension url="http://hl7.org/fhir/StructureDefinition/implementationguide-page"><valueUri value="Library-IMMZCommonIzDataElements.html"/></extension><reference><reference value="Library/IMMZCommonIzDataElements"/></reference><name value="IMMZCommonIzDataElements"/><exampleBoolean value="false"/><groupingId value="-ka-library"/></resource><resource><extension url="http://hl7.org/fhir/tools/StructureDefinition/resource-sort"><valueInteger value="999999999"/></extension><extension url="http://hl7.org/fhir/StructureDefinition/implementationguide-page"><valueUri value="Library-IMMZConcepts.html"/></extension><reference><reference value="Library/IMMZConcepts"/></reference><name value="IMMZConcepts"/><exampleBoolean value="false"/><groupingId value="-ka-library"/></resource><resource><extension url="http://hl7.org/fhir/tools/StructureDefinition/resource-sort"><valueInteger value="999999999"/></extension><extension url="http://hl7.org/fhir/StructureDefinition/implementationguide-page"><valueUri value="Library-IMMZConfig.html"/></extension><reference><reference value="Library/IMMZConfig"/></reference><name value="IMMZConfig"/><exampleBoolean value="false"/><groupingId value="-ka-library"/></resource><resource><extension url="http://hl7.org/fhir/tools/StructureDefinition/resource-sort"><valueInteger value="999999999"/></extension><extension url="http://hl7.org/fhir/StructureDefinition/implementationguide-page"><valueUri value="Library-IMMZD2DTMeasles.html"/></extension><reference><reference value="Library/IMMZD2DTMeasles"/></reference><name value="IMMZD2DTMeasles"/><exampleBoolean value="false"/><groupingId value="-ka-library"/></resource><resource><extension url="http://hl7.org/fhir/tools/StructureDefinition/resource-sort"><valueInteger value="999999999"/></extension><extension url="http://hl7.org/fhir/StructureDefinition/implementationguide-page"><valueUri value="Library-IMMZDT08.html"/></extension><reference><reference value="Library/IMMZDT08"/></reference><name value="IMMZDT08"/><exampleBoolean value="false"/><groupingId value="-ka-library"/></resource><resource><extension url="http://hl7.org/fhir/tools/StructureDefinition/resource-sort"><valueInteger value="999999999"/></extension><extension url="http://hl7.org/fhir/StructureDefinition/implementationguide-page"><valueUri value="Library-IMMZINDMeasles.html"/></extension><reference><reference value="Library/IMMZINDMeasles"/></reference><name value="IMMZINDMeasles"/><exampleBoolean value="false"/><groupingId value="-ka-library"/></resource><resource><extension url="http://hl7.org/fhir/tools/StructureDefinition/resource-sort"><valueInteger value="999999999"/></extension><extension url="http://hl7.org/fhir/StructureDefinition/implementationguide-page"><valueUri value="Library-IMMZIndicatorCommon.html"/></extension><reference><reference value="Library/IMMZIndicatorCommon"/></reference><name value="IMMZIndicatorCommon"/><exampleBoolean value="false"/><groupingId value="-ka-library"/></resource><resource><extension url="http://hl7.org/fhir/tools/StructureDefinition/resource-sort"><valueInteger value="999999999"/></extension><extension url="http://hl7.org/fhir/StructureDefinition/implementationguide-page"><valueUri value="Library-IMMZVaccineLibrary.html"/></extension><reference><reference value="Library/IMMZVaccineLibrary"/></reference><name value="IMMZVaccineLibrary"/><exampleBoolean value="false"/><groupingId value="-ka-library"/></resource><resource><extension url="http://hl7.org/fhir/tools/StructureDefinition/resource-sort"><valueInteger value="999999999"/></extension><extension url="http://hl7.org/fhir/StructureDefinition/implementationguide-page"><valueUri value="Library-WHOCommon.html"/></extension><reference><reference value="Library/WHOCommon"/></reference><name value="WHOCommon"/><exampleBoolean value="false"/><groupingId value="-ka-library"/></resource><resource><extension url="http://hl7.org/fhir/tools/StructureDefinition/resource-sort"><valueInteger value="999999999"/></extension><extension url="http://hl7.org/fhir/StructureDefinition/implementationguide-page"><valueUri value="Library-WHOConcepts.html"/></extension><reference><reference value="Library/WHOConcepts"/></reference><name value="WHOConcepts"/><exampleBoolean value="false"/><groupingId value="-ka-library"/></resource><resource><extension url="http://hl7.org/fhir/tools/StructureDefinition/resource-sort"><valueInteger value="999999999"/></extension><extension url="http://hl7.org/fhir/StructureDefinition/implementationguide-page"><valueUri value="StructureDefinition-IMMZD1clienthistorymeasles.html"/></extension><reference><reference value="StructureDefinition/IMMZD1clienthistorymeasles"/></reference><name value="IMMZ-D1 Capture Client History for Measles"/><description value="Data elements for the IMMZ-D1 Capture Client History Data Dictionary for Measles."/><exampleBoolean value="false"/><groupingId value="-str-logicalmodel"/></resource><resource><extension url="http://hl7.org/fhir/tools/StructureDefinition/resource-sort"><valueInteger value="999999999"/></extension><extension url="http://hl7.org/fhir/StructureDefinition/implementationguide-page"><valueUri value="StructureDefinition-IMMZCRegisterClient.html"/></extension><reference><reference value="StructureDefinition/IMMZCRegisterClient"/></reference><name value="IMMZ.C Register Client"/><description value="Data elements for the IMMZ.C Register Client Data Dictionary."/><exampleBoolean value="false"/><groupingId value="-str-logicalmodel"/></resource><resource><extension url="http://hl7.org/fhir/tools/StructureDefinition/resource-sort"><valueInteger value="999999999"/></extension><extension url="http://hl7.org/fhir/StructureDefinition/implementationguide-page"><valueUri value="StructureDefinition-IMMZD4CheckContraindications.html"/></extension><reference><reference value="StructureDefinition/IMMZD4CheckContraindications"/></reference><name value="IMMZ.D4 Check Contraindications for Measles"/><description value="Data elements for the IMMZ.D4 Check Contraindications Data Dictionary for Measles."/><exampleBoolean value="false"/><groupingId value="-str-logicalmodel"/></resource><resource><extension url="http://hl7.org/fhir/tools/StructureDefinition/resource-sort"><valueInteger value="999999999"/></extension><extension url="http://hl7.org/fhir/StructureDefinition/implementationguide-page"><valueUri value="Questionnaire-Questionnaire-IMMZD1ClientHistory.html"/></extension><extension url="http://hl7.org/fhir/tools/StructureDefinition/contained-resource-information"><extension url="type"><valueCode value="ValueSet"/></extension><extension url="id"><valueId value="IMMZ-D1.DE10"/></extension><extension url="title"><valueString value="ValueSet"/></extension><extension url="description"><valueString value="ValueSet for HIV Status for IMMZ-D1.DE10."/></extension></extension><reference><reference value="Questionnaire/Questionnaire-IMMZD1ClientHistory"/></reference><name value="Capture Client History Questionnaire"/><description value="Immunization - Capture Client History Questionnaire"/><exampleBoolean value="false"/><groupingId value="-str-questionnaire"/></resource><resource><extension url="http://hl7.org/fhir/tools/StructureDefinition/resource-sort"><valueInteger value="999999999"/></extension><extension url="http://hl7.org/fhir/StructureDefinition/implementationguide-page"><valueUri value="Questionnaire-Questionnaire-IMMZD4CheckContraindications.html"/></extension><extension url="http://hl7.org/fhir/tools/StructureDefinition/contained-resource-information"><extension url="type"><valueCode value="ValueSet"/></extension><extension url="id"><valueId value="IMMZ.D4.DE161"/></extension><extension url="title"><valueString value="ValueSet"/></extension><extension url="description"><valueString value="ValueSet for Potential Contraindications for IMMZ.D4.DE161."/></extension></extension><reference><reference value="Questionnaire/Questionnaire-IMMZD4CheckContraindications"/></reference><name value="Check Contraindications Questionnaire"/><description value="Immunization - Check Contraindications Questionnaire"/><exampleBoolean value="false"/><groupingId value="-str-questionnaire"/></resource><resource><extension url="http://hl7.org/fhir/tools/StructureDefinition/resource-sort"><valueInteger value="999999999"/></extension><extension url="http://hl7.org/fhir/StructureDefinition/implementationguide-page"><valueUri value="Questionnaire-Questionnaire-IMMZCRegisterClient.html"/></extension><extension url="http://hl7.org/fhir/tools/StructureDefinition/contained-resource-information"><extension url="type"><valueCode value="ValueSet"/></extension><extension url="id"><valueId value="IMMZ-C-DE5"/></extension><extension url="title"><valueString value="ValueSet"/></extension><extension url="description"><valueString value="ValueSet for Sex for IMMZ-C-DE5."/></extension></extension><reference><reference value="Questionnaire/Questionnaire-IMMZCRegisterClient"/></reference><name value="Client Registration Questionnaire"/><description value="Immunization - Client Registration Questionnaire"/><exampleBoolean value="false"/><groupingId value="-str-questionnaire"/></resource><resource><extension url="http://hl7.org/fhir/tools/StructureDefinition/resource-sort"><valueInteger value="999999999"/></extension><extension url="http://hl7.org/fhir/StructureDefinition/implementationguide-page"><valueUri value="StructureDefinition-SGImmunization.html"/></extension><reference><reference value="StructureDefinition/SGImmunization"/></reference><name value="SGImmunization"/><description value="A record of an immunization, with a given product"/><exampleBoolean value="false"/><groupingId value="-str-profile"/></resource><resource><extension url="http://hl7.org/fhir/tools/StructureDefinition/resource-sort"><valueInteger value="999999999"/></extension><extension url="http://hl7.org/fhir/StructureDefinition/implementationguide-page"><valueUri value="StructureDefinition-SGVaccineProduct.html"/></extension><reference><reference value="StructureDefinition/SGVaccineProduct"/></reference><name value="SGVaccineProduct"/><description value="A Vaccine product"/><exampleBoolean value="false"/><groupingId value="-str-profile"/></resource><resource><extension url="http://hl7.org/fhir/tools/StructureDefinition/resource-sort"><valueInteger value="999999999"/></extension><extension url="http://hl7.org/fhir/StructureDefinition/implementationguide-page"><valueUri value="StructureDefinition-SGVaccineProposal.html"/></extension><reference><reference value="StructureDefinition/SGVaccineProposal"/></reference><name value="SGVaccineProposal"/><description value="An order for immunization (for a disease, not a specific product)"/><exampleBoolean value="false"/><groupingId value="-str-profile"/></resource><resource><extension url="http://hl7.org/fhir/tools/StructureDefinition/resource-sort"><valueInteger value="999999999"/></extension><extension url="http://hl7.org/fhir/StructureDefinition/implementationguide-page"><valueUri value="StructureDefinition-SGVaccineRequest.html"/></extension><reference><reference value="StructureDefinition/SGVaccineRequest"/></reference><name value="SGVaccineRequest"/><description value="An order for an actual product"/><exampleBoolean value="false"/><groupingId value="-str-profile"/></resource><resource><extension url="http://hl7.org/fhir/tools/StructureDefinition/resource-sort"><valueInteger value="999999999"/></extension><extension url="http://hl7.org/fhir/StructureDefinition/implementationguide-page"><valueUri value="StructureDefinition-sg-ext-administeredProduct.html"/></extension><reference><reference value="StructureDefinition/sg-ext-administeredProduct"/></reference><name value="SGAdministeredProduct"/><description value="The product administered"/><exampleBoolean value="false"/><groupingId value="-str-extension"/></resource><resource><extension url="http://hl7.org/fhir/tools/StructureDefinition/resource-sort"><valueInteger value="999999999"/></extension><extension url="http://hl7.org/fhir/StructureDefinition/implementationguide-page"><valueUri value="StructureDefinition-SGMedicationClassification.html"/></extension><reference><reference value="StructureDefinition/SGMedicationClassification"/></reference><name value="SGMedicationClassification"/><description value="Medication Classification."/><exampleBoolean value="false"/><groupingId value="-str-extension"/></resource><resource><extension url="http://hl7.org/fhir/tools/StructureDefinition/resource-sort"><valueInteger value="999999999"/></extension><extension url="http://hl7.org/fhir/StructureDefinition/implementationguide-page"><valueUri value="ValueSet-IMMZ-C-DE5.html"/></extension><reference><reference value="ValueSet/IMMZ-C-DE5"/></reference><name value="IMMZ-C-DE5 ValueSet for Sex"/><description value="ValueSet for Sex for IMMZ-C-DE5."/><exampleBoolean value="false"/><groupingId value="-term-valueset"/></resource><resource><extension url="http://hl7.org/fhir/tools/StructureDefinition/resource-sort"><valueInteger value="999999999"/></extension><extension url="http://hl7.org/fhir/StructureDefinition/implementationguide-page"><valueUri value="ValueSet-IMMZ-D1.DE10.html"/></extension><reference><reference value="ValueSet/IMMZ-D1.DE10"/></reference><name value="IMMZ-D1.DE10 ValueSet for HIV Status"/><description value="ValueSet for HIV Status for IMMZ-D1.DE10."/><exampleBoolean value="false"/><groupingId value="-term-valueset"/></resource><resource><extension url="http://hl7.org/fhir/tools/StructureDefinition/resource-sort"><valueInteger value="999999999"/></extension><extension url="http://hl7.org/fhir/StructureDefinition/implementationguide-page"><valueUri value="ValueSet-IMMZ-D1.DE35.html"/></extension><reference><reference value="ValueSet/IMMZ-D1.DE35"/></reference><name value="IMMZ-D1.DE35 ValueSet for Type of polio dose"/><description value="ValueSet for Type of polio dose for IMMZ-D1.DE35."/><exampleBoolean value="false"/><groupingId value="-term-valueset"/></resource><resource><extension url="http://hl7.org/fhir/tools/StructureDefinition/resource-sort"><valueInteger value="999999999"/></extension><extension url="http://hl7.org/fhir/StructureDefinition/implementationguide-page"><valueUri value="ValueSet-IMMZ-D1.DE52.html"/></extension><reference><reference value="ValueSet/IMMZ-D1.DE52"/></reference><name value="IMMZ-D1.DE52 ValueSet for Type of last JE dose"/><description value="ValueSet for Type of last JE dose for IMMZ-D1.DE52."/><exampleBoolean value="false"/><groupingId value="-term-valueset"/></resource><resource><extension url="http://hl7.org/fhir/tools/StructureDefinition/resource-sort"><valueInteger value="999999999"/></extension><extension url="http://hl7.org/fhir/StructureDefinition/implementationguide-page"><valueUri value="ValueSet-IMMZ-D1.DE56.html"/></extension><reference><reference value="ValueSet/IMMZ-D1.DE56"/></reference><name value="IMMZ-D1.DE56 ValueSet for Type of last TBE dose"/><description value="ValueSet for Type of last TBE dose for IMMZ-D1.DE56."/><exampleBoolean value="false"/><groupingId value="-term-valueset"/></resource><resource><extension url="http://hl7.org/fhir/tools/StructureDefinition/resource-sort"><valueInteger value="999999999"/></extension><extension url="http://hl7.org/fhir/StructureDefinition/implementationguide-page"><valueUri value="ValueSet-IMMZ-D1.DE61.html"/></extension><reference><reference value="ValueSet/IMMZ-D1.DE61"/></reference><name value="IMMZ-D1.DE61 ValueSet for Type of last typhoid dose"/><description value="ValueSet for Type of last typhoid dose for IMMZ-D1.DE61."/><exampleBoolean value="false"/><groupingId value="-term-valueset"/></resource><resource><extension url="http://hl7.org/fhir/tools/StructureDefinition/resource-sort"><valueInteger value="999999999"/></extension><extension url="http://hl7.org/fhir/StructureDefinition/implementationguide-page"><valueUri value="ValueSet-IMMZ-D1.DE65.html"/></extension><reference><reference value="ValueSet/IMMZ-D1.DE65"/></reference><name value="IMMZ-D1.DE65 ValueSet for Type of last cholera dose"/><description value="ValueSet for Type of last cholera dose for IMMZ-D1.DE65."/><exampleBoolean value="false"/><groupingId value="-term-valueset"/></resource><resource><extension url="http://hl7.org/fhir/tools/StructureDefinition/resource-sort"><valueInteger value="999999999"/></extension><extension url="http://hl7.org/fhir/StructureDefinition/implementationguide-page"><valueUri value="ValueSet-IMMZ-D1.DE68.html"/></extension><reference><reference value="ValueSet/IMMZ-D1.DE68"/></reference><name value="IMMZ-D1.DE68 ValueSet for Type of last meningococcal dose"/><description value="ValueSet for Type of last meningococcal dose for IMMZ-D1.DE68."/><exampleBoolean value="false"/><groupingId value="-term-valueset"/></resource><resource><extension url="http://hl7.org/fhir/tools/StructureDefinition/resource-sort"><valueInteger value="999999999"/></extension><extension url="http://hl7.org/fhir/StructureDefinition/implementationguide-page"><valueUri value="ValueSet-IMMZ-D1.DE73.html"/></extension><reference><reference value="ValueSet/IMMZ-D1.DE73"/></reference><name value="IMMZ-D1.DE73 ValueSet for Type of last hepatitis A dose"/><description value="ValueSet for Type of last hepatitis A dose for IMMZ-D1.DE73."/><exampleBoolean value="false"/><groupingId value="-term-valueset"/></resource><resource><extension url="http://hl7.org/fhir/tools/StructureDefinition/resource-sort"><valueInteger value="999999999"/></extension><extension url="http://hl7.org/fhir/StructureDefinition/implementationguide-page"><valueUri value="ValueSet-IMMZ-D1.DE84.html"/></extension><reference><reference value="ValueSet/IMMZ-D1.DE84"/></reference><name value="IMMZ-D1.DE84 ValueSet for Type of TB infection test performed"/><description value="ValueSet for Type of TB infection test performed for IMMZ-D1.DE84."/><exampleBoolean value="false"/><groupingId value="-term-valueset"/></resource><resource><extension url="http://hl7.org/fhir/tools/StructureDefinition/resource-sort"><valueInteger value="999999999"/></extension><extension url="http://hl7.org/fhir/StructureDefinition/implementationguide-page"><valueUri value="ValueSet-IMMZ-D1.DE87.html"/></extension><reference><reference value="ValueSet/IMMZ-D1.DE87"/></reference><name value="IMMZ-D1.DE87 ValueSet for TB infection test result"/><description value="ValueSet for TB infection test result for IMMZ-D1.DE87."/><exampleBoolean value="false"/><groupingId value="-term-valueset"/></resource><resource><extension url="http://hl7.org/fhir/tools/StructureDefinition/resource-sort"><valueInteger value="999999999"/></extension><extension url="http://hl7.org/fhir/StructureDefinition/implementationguide-page"><valueUri value="ValueSet-IMMZ.D4.DE161.html"/></extension><reference><reference value="ValueSet/IMMZ.D4.DE161"/></reference><name value="IMMZ.D4.DE161 ValueSet for Potential Contraindications"/><description value="ValueSet for Potential Contraindications for IMMZ.D4.DE161."/><exampleBoolean value="false"/><groupingId value="-term-valueset"/></resource><resource><extension url="http://hl7.org/fhir/tools/StructureDefinition/resource-sort"><valueInteger value="999999999"/></extension><extension url="http://hl7.org/fhir/StructureDefinition/implementationguide-page"><valueUri value="ValueSet-VSMeaslesVaccineProducts.html"/></extension><reference><reference value="ValueSet/VSMeaslesVaccineProducts"/></reference><name value="MeaslesVaccine Type ValueSet"/><description value="Vaccine type Codes, containing the different types of antigens used in vaccine guidelines."/><exampleBoolean value="false"/><groupingId value="-term-valueset"/></resource><resource><extension url="http://hl7.org/fhir/tools/StructureDefinition/resource-sort"><valueInteger value="999999999"/></extension><extension url="http://hl7.org/fhir/StructureDefinition/implementationguide-page"><valueUri value="ValueSet-VaccineTypes.html"/></extension><reference><reference value="ValueSet/VaccineTypes"/></reference><name value="Vaccine Type ValueSet"/><description value="Vaccine type Codes, containing the different types of antigens used in vaccine guidelines."/><exampleBoolean value="false"/><groupingId value="-term-valueset"/></resource><resource><extension url="http://hl7.org/fhir/tools/StructureDefinition/resource-sort"><valueInteger value="999999999"/></extension><extension url="http://hl7.org/fhir/StructureDefinition/implementationguide-page"><valueUri value="CodeSystem-ICD11.html"/></extension><reference><reference value="CodeSystem/ICD11"/></reference><name value="ICD-11"/><description value="ICD-11."/><exampleBoolean value="false"/><groupingId value="-term-codesystem"/></resource><resource><extension url="http://hl7.org/fhir/tools/StructureDefinition/resource-sort"><valueInteger value="999999999"/></extension><extension url="http://hl7.org/fhir/StructureDefinition/implementationguide-page"><valueUri value="CodeSystem-IMMZ-C.html"/></extension><reference><reference value="CodeSystem/IMMZ-C"/></reference><name value="IMMZ-C CodeSystem for Data Elements"/><description value="CodeSystem for IMMZ.C Data Elements"/><exampleBoolean value="false"/><groupingId value="-term-codesystem"/></resource><resource><extension url="http://hl7.org/fhir/tools/StructureDefinition/resource-sort"><valueInteger value="999999999"/></extension><extension url="http://hl7.org/fhir/StructureDefinition/implementationguide-page"><valueUri value="CodeSystem-IMMZ-D1.html"/></extension><reference><reference value="CodeSystem/IMMZ-D1"/></reference><name value="IMMZ-D1 CodeSystem for Data Elements"/><description value="CodeSystem for IMMZ.C Data Elements"/><exampleBoolean value="false"/><groupingId value="-term-codesystem"/></resource><resource><extension url="http://hl7.org/fhir/tools/StructureDefinition/resource-sort"><valueInteger value="999999999"/></extension><extension url="http://hl7.org/fhir/StructureDefinition/implementationguide-page"><valueUri value="CodeSystem-IMMZ.D4.html"/></extension><reference><reference value="CodeSystem/IMMZ.D4"/></reference><name value="IMMZ.D4 CodeSystem for Check Contraindications Data Elements"/><description value="CodeSystem for IMMZ.D4 Check Contraindications Data Elements"/><exampleBoolean value="false"/><groupingId value="-term-codesystem"/></resource><resource><extension url="http://hl7.org/fhir/tools/StructureDefinition/resource-sort"><valueInteger value="999999999"/></extension><extension url="http://hl7.org/fhir/StructureDefinition/implementationguide-page"><valueUri value="CodeSystem-VaccineProducts.html"/></extension><reference><reference value="CodeSystem/VaccineProducts"/></reference><name value="Vaccine Product codes CodeSet"/><description value="Vaccine Product codes, containing the different available products."/><exampleBoolean value="false"/><groupingId value="-term-codesystem"/></resource><resource><extension url="http://hl7.org/fhir/tools/StructureDefinition/resource-sort"><valueInteger value="999999999"/></extension><extension url="http://hl7.org/fhir/StructureDefinition/implementationguide-page"><valueUri value="StructureMap-IMMZCLMToPatient.html"/></extension><reference><reference value="StructureMap/IMMZCLMToPatient"/></reference><groupingId value="-map-structuremap"/></resource><resource><extension url="http://hl7.org/fhir/tools/StructureDefinition/resource-sort"><valueInteger value="999999999"/></extension><extension url="http://hl7.org/fhir/StructureDefinition/implementationguide-page"><valueUri value="StructureMap-IMMZCQRToLM.html"/></extension><reference><reference value="StructureMap/IMMZCQRToLM"/></reference><groupingId value="-map-structuremap"/></resource><resource><extension url="http://hl7.org/fhir/tools/StructureDefinition/resource-sort"><valueInteger value="999999999"/></extension><extension url="http://hl7.org/fhir/StructureDefinition/implementationguide-page"><valueUri value="StructureMap-IMMZCQRToPatient.html"/></extension><reference><reference value="StructureMap/IMMZCQRToPatient"/></reference><groupingId value="-map-structuremap"/></resource><resource><extension url="http://hl7.org/fhir/tools/StructureDefinition/resource-sort"><valueInteger value="999999999"/></extension><extension url="http://hl7.org/fhir/StructureDefinition/implementationguide-page"><valueUri value="StructureMap-IMMZD4LMToResources.html"/></extension><reference><reference value="StructureMap/IMMZD4LMToResources"/></reference><groupingId value="-map-structuremap"/></resource><resource><extension url="http://hl7.org/fhir/tools/StructureDefinition/resource-sort"><valueInteger value="999999999"/></extension><extension url="http://hl7.org/fhir/StructureDefinition/implementationguide-page"><valueUri value="StructureMap-IMMZD4QRToLM.html"/></extension><reference><reference value="StructureMap/IMMZD4QRToLM"/></reference><groupingId value="-map-structuremap"/></resource><resource><extension url="http://hl7.org/fhir/tools/StructureDefinition/resource-sort"><valueInteger value="999999999"/></extension><extension url="http://hl7.org/fhir/StructureDefinition/implementationguide-page"><valueUri value="StructureMap-IMMZD4QRToResources.html"/></extension><reference><reference value="StructureMap/IMMZD4QRToResources"/></reference><groupingId value="-map-structuremap"/></resource><resource><extension url="http://hl7.org/fhir/tools/StructureDefinition/resource-sort"><valueInteger value="999999999"/></extension><extension url="http://hl7.org/fhir/StructureDefinition/implementationguide-page"><valueUri value="ConceptMap-IMMZCSexToAdministrativeGender.html"/></extension><reference><reference value="ConceptMap/IMMZCSexToAdministrativeGender"/></reference><name value="ConceptMap to and From IMMZ.C sex to administrative gender"/><description value="Mapping to and from IMMZ.C sex coding to FHIR Administrative Gender."/><exampleBoolean value="false"/><groupingId value="-map-conceptmap"/></resource><resource><extension url="http://hl7.org/fhir/tools/StructureDefinition/resource-sort"><valueInteger value="999999999"/></extension><extension url="http://hl7.org/fhir/StructureDefinition/implementationguide-page"><valueUri value="ConceptMap-IMMZ-D1.ConceptMap.html"/></extension><reference><reference value="ConceptMap/IMMZ-D1.ConceptMap"/></reference><name value="ConceptMap to and from IMMZ-D1 DataElements"/><description value="Mapping to and from IMMZ-D1 Data Dictionary to other codesystems."/><exampleBoolean value="false"/><groupingId value="-map-conceptmap"/></resource><resource><extension url="http://hl7.org/fhir/tools/StructureDefinition/resource-sort"><valueInteger value="999999999"/></extension><extension url="http://hl7.org/fhir/StructureDefinition/implementationguide-page"><valueUri value="ConceptMap-IMMZ.C.ConceptMap.html"/></extension><reference><reference value="ConceptMap/IMMZ.C.ConceptMap"/></reference><name value="ConceptMap to and from IMMZ.C DataElements"/><description value="Mapping to and from IMMZ.C Data Dictionary to other codesystems."/><exampleBoolean value="false"/><groupingId value="-map-conceptmap"/></resource><resource><extension url="http://hl7.org/fhir/tools/StructureDefinition/resource-sort"><valueInteger value="999999999"/></extension><extension url="http://hl7.org/fhir/StructureDefinition/implementationguide-page"><valueUri value="ConceptMap-IMMZ.D4.ConceptMap.html"/></extension><reference><reference value="ConceptMap/IMMZ.D4.ConceptMap"/></reference><name value="ConceptMap to and from IMMZ.D4 DataElements"/><description value="Mapping to and from IMMZ.D4 Data Dictionary to other codesystems."/><exampleBoolean value="false"/><groupingId value="-map-conceptmap"/></resource><resource><extension url="http://hl7.org/fhir/tools/StructureDefinition/resource-sort"><valueInteger value="999999999"/></extension><extension url="http://hl7.org/fhir/StructureDefinition/implementationguide-page"><valueUri value="ActorDefinition-CommunityHealthWorker.html"/></extension><reference><reference value="ActorDefinition/CommunityHealthWorker"/></reference><name value="Community Health Worker"/><description value="Community health workers provide health education, referral and follow-up; case management and basic preventive health care; and home visiting services to specific communities. They provide support and assistance to clients by reminding clients to take their vaccinations, responding to emergencies, and reporting births."/><exampleBoolean value="true"/><groupingId value="-ex-example"/></resource><resource><extension url="http://hl7.org/fhir/tools/StructureDefinition/resource-sort"><valueInteger value="999999999"/></extension><extension url="http://hl7.org/fhir/StructureDefinition/implementationguide-page"><valueUri value="QuestionnaireResponse-IMMZCQuestionnaireResponse1.html"/></extension><reference><reference value="QuestionnaireResponse/IMMZCQuestionnaireResponse1"/></reference><name value="Example Questionnaire Response"/><description value="Questionnaire Response - Patient p007 registration"/><exampleBoolean value="true"/><groupingId value="-ex-example"/></resource><resource><extension url="http://hl7.org/fhir/tools/StructureDefinition/resource-sort"><valueInteger value="999999999"/></extension><extension url="http://hl7.org/fhir/StructureDefinition/implementationguide-page"><valueUri value="QuestionnaireResponse-Example.IMMZ.D4.QuestionnaireResponse.1.html"/></extension><reference><reference value="QuestionnaireResponse/Example.IMMZ.D4.QuestionnaireResponse.1"/></reference><name value="Example.IMMZ.D4.QuestionnaireResponse.1"/><exampleBoolean value="true"/><groupingId value="-ex-example"/></resource><resource><extension url="http://hl7.org/fhir/tools/StructureDefinition/resource-sort"><valueInteger value="999999999"/></extension><extension url="http://hl7.org/fhir/StructureDefinition/implementationguide-page"><valueUri value="QuestionnaireResponse-Example.IMMZ.D4.QuestionnaireResponse.2.html"/></extension><reference><reference value="QuestionnaireResponse/Example.IMMZ.D4.QuestionnaireResponse.2"/></reference><name value="Example.IMMZ.D4.QuestionnaireResponse.2"/><exampleBoolean value="true"/><groupingId value="-ex-example"/></resource><resource><extension url="http://hl7.org/fhir/tools/StructureDefinition/resource-sort"><valueInteger value="999999999"/></extension><extension url="http://hl7.org/fhir/StructureDefinition/implementationguide-page"><valueUri value="QuestionnaireResponse-Example.IMMZ.D4.QuestionnaireResponse.3.html"/></extension><reference><reference value="QuestionnaireResponse/Example.IMMZ.D4.QuestionnaireResponse.3"/></reference><name value="Example.IMMZ.D4.QuestionnaireResponse.3"/><exampleBoolean value="true"/><groupingId value="-ex-example"/></resource><resource><extension url="http://hl7.org/fhir/tools/StructureDefinition/resource-sort"><valueInteger value="999999999"/></extension><extension url="http://hl7.org/fhir/StructureDefinition/implementationguide-page"><valueUri value="QuestionnaireResponse-Example.IMMZ.D4.QuestionnaireResponse.4.html"/></extension><reference><reference value="QuestionnaireResponse/Example.IMMZ.D4.QuestionnaireResponse.4"/></reference><name value="Example.IMMZ.D4.QuestionnaireResponse.4"/><exampleBoolean value="true"/><groupingId value="-ex-example"/></resource><resource><extension url="http://hl7.org/fhir/tools/StructureDefinition/resource-sort"><valueInteger value="999999999"/></extension><extension url="http://hl7.org/fhir/StructureDefinition/implementationguide-page"><valueUri value="ActorDefinition-EPIManager.html"/></extension><reference><reference value="ActorDefinition/EPIManager"/></reference><name value="Healthcare Worker"/><description value="Responsible for: developing annual and multi-annual plans; immunization communication and mobilization; management of logistics, the cold chain, and vaccines; monitoring, supervision and evaluation of immunization services; and coordination of EPI activities at the national and subnational levels."/><exampleBoolean value="true"/><groupingId value="-ex-example"/></resource><resource><extension url="http://hl7.org/fhir/tools/StructureDefinition/resource-sort"><valueInteger value="999999999"/></extension><extension url="http://hl7.org/fhir/StructureDefinition/implementationguide-page"><valueUri value="ActorDefinition-HealthWorker.html"/></extension><reference><reference value="ActorDefinition/HealthWorker"/></reference><name value="Healthcare Worker"/><description value="Health workers facilitate education sessions, administers immunizations, provide counselling when needed, record stock movements, and compiles/generates reports."/><exampleBoolean value="true"/><groupingId value="-ex-example"/></resource><resource><extension url="http://hl7.org/fhir/tools/StructureDefinition/resource-sort"><valueInteger value="999999999"/></extension><extension url="http://hl7.org/fhir/StructureDefinition/implementationguide-page"><valueUri value="Requirements-immz-e-fxnreq.html"/></extension><reference><reference value="Requirements/immz-e-fxnreq"/></reference><name value="IMMUNIZATION - Business Process E: Register Client - Functional requirements"/><description value="IMMUNIZATION - Business Process E: Register Client - Functional requirements"/><exampleBoolean value="true"/><groupingId value="-ex-example"/></resource><resource><extension url="http://hl7.org/fhir/tools/StructureDefinition/resource-sort"><valueInteger value="999999999"/></extension><extension url="http://hl7.org/fhir/StructureDefinition/implementationguide-page"><valueUri value="Measure-IMMZIND05.html"/></extension><reference><reference value="Measure/IMMZIND05"/></reference><name value="IMMZIND05"/><description value="IMMZ.IND.05 Measles indicator for first dose."/><exampleBoolean value="true"/><groupingId value="-ex-example"/></resource><resource><extension url="http://hl7.org/fhir/tools/StructureDefinition/resource-sort"><valueInteger value="999999999"/></extension><extension url="http://hl7.org/fhir/StructureDefinition/implementationguide-page"><valueUri value="Measure-IMMZIND40.html"/></extension><reference><reference value="Measure/IMMZIND40"/></reference><name value="IMMZIND40"/><description value="IMMZ.IND.40 Measles indicator for second dose."/><exampleBoolean value="true"/><groupingId value="-ex-example"/></resource><resource><extension url="http://hl7.org/fhir/tools/StructureDefinition/resource-sort"><valueInteger value="999999999"/></extension><extension url="http://hl7.org/fhir/StructureDefinition/implementationguide-page"><valueUri value="Immunization-Immunization1.html"/></extension><reference><reference value="Immunization/Immunization1"/></reference><name value="Immunization1"/><description value="Immunization record"/><exampleCanonical value="http://smart.who.int/ig/smart-immunizations-measles/StructureDefinition/SGImmunization"/><groupingId value="-ex-example"/></resource><resource><extension url="http://hl7.org/fhir/tools/StructureDefinition/resource-sort"><valueInteger value="999999999"/></extension><extension url="http://hl7.org/fhir/StructureDefinition/implementationguide-page"><valueUri value="Medication-Vaccine-MSDMMRVaxPro.html"/></extension><reference><reference value="Medication/Vaccine-MSDMMRVaxPro"/></reference><name value="MSD - M-M-RvaxPRO"/><description value="M-M-RvaxPRO"/><exampleCanonical value="http://smart.who.int/ig/smart-immunizations-measles/StructureDefinition/SGVaccineProduct"/><groupingId value="-ex-example"/></resource><resource><extension url="http://hl7.org/fhir/tools/StructureDefinition/resource-sort"><valueInteger value="999999999"/></extension><extension url="http://hl7.org/fhir/StructureDefinition/implementationguide-page"><valueUri value="Medication-Vaccine-SIIMeasles.html"/></extension><reference><reference value="Medication/Vaccine-SIIMeasles"/></reference><name value="Serum Institute of India Measles - Medication Product"/><description value="Serum Institute of India Measles - Medication Product"/><exampleCanonical value="http://smart.who.int/ig/smart-immunizations-measles/StructureDefinition/SGVaccineProduct"/><groupingId value="-ex-example"/></resource><resource><extension url="http://hl7.org/fhir/tools/StructureDefinition/resource-sort"><valueInteger value="999999999"/></extension><extension url="http://hl7.org/fhir/StructureDefinition/implementationguide-page"><valueUri value="MedicationRequest-VaccineProposal1.html"/></extension><reference><reference value="MedicationRequest/VaccineProposal1"/></reference><name value="VaccineProposal1"/><exampleCanonical value="http://smart.who.int/ig/smart-immunizations-measles/StructureDefinition/SGVaccineProposal"/><groupingId value="-ex-example"/></resource><resource><extension url="http://hl7.org/fhir/tools/StructureDefinition/resource-sort"><valueInteger value="999999999"/></extension><extension url="http://hl7.org/fhir/StructureDefinition/implementationguide-page"><valueUri value="Patient-P123456.html"/></extension><reference><reference value="Patient/P123456"/></reference><name value="patient123456"/><exampleBoolean value="true"/><groupingId value="-ex-example"/></resource><resource><extension url="http://hl7.org/fhir/tools/StructureDefinition/resource-sort"><valueInteger value="999999999"/></extension><extension url="http://hl7.org/fhir/StructureDefinition/implementationguide-page"><valueUri value="Device-cqf-tooling.html"/></extension><reference><reference value="Device/cqf-tooling"/></reference><name value="cqf-tooling"/><exampleBoolean value="false"/><groupingId value="-other"/></resource><page><extension url="http://hl7.org/fhir/tools/StructureDefinition/ig-page-name"><valueUrl value="toc.html"/></extension><nameUrl value="toc.html"/><title value="Table of Contents"/><generation value="html"/><page><extension url="http://hl7.org/fhir/tools/StructureDefinition/ig-page-name"><valueUrl value="index.html"/></extension><nameUrl value="index.html"/><title value="Home"/><generation value="markdown"/><page><extension url="http://hl7.org/fhir/tools/StructureDefinition/ig-page-name"><valueUrl value="changes.html"/></extension><nameUrl value="changes.html"/><title value="Changes"/><generation value="markdown"/></page><page><extension url="http://hl7.org/fhir/tools/StructureDefinition/ig-page-name"><valueUrl value="dependencies.html"/></extension><nameUrl value="dependencies.html"/><title value="Dependencies"/><generation value="markdown"/></page><page><extension url="http://hl7.org/fhir/tools/StructureDefinition/ig-page-name"><valueUrl value="references.html"/></extension><nameUrl value="references.html"/><title value="References"/><generation value="markdown"/></page><page><extension url="http://hl7.org/fhir/tools/StructureDefinition/ig-page-name"><valueUrl value="adapting.html"/></extension><nameUrl value="adapting.html"/><title value="Adapting Guidelines for Country use"/><generation value="markdown"/></page><page><extension url="http://hl7.org/fhir/tools/StructureDefinition/ig-page-name"><valueUrl value="license.html"/></extension><nameUrl value="license.html"/><title value="License"/><generation value="markdown"/></page></page><page><extension url="http://hl7.org/fhir/tools/StructureDefinition/ig-page-name"><valueUrl value="business-requirements.html"/></extension><nameUrl value="business-requirements.html"/><title value="Business Requirements"/><generation value="markdown"/><page><extension url="http://hl7.org/fhir/tools/StructureDefinition/ig-page-name"><valueUrl value="concepts.html"/></extension><nameUrl value="concepts.html"/><title value="Concepts"/><generation value="markdown"/></page><page><extension url="http://hl7.org/fhir/tools/StructureDefinition/ig-page-name"><valueUrl value="personas.html"/></extension><nameUrl value="personas.html"/><title value="Generic Personas"/><generation value="markdown"/></page><page><extension url="http://hl7.org/fhir/tools/StructureDefinition/ig-page-name"><valueUrl value="scenarios.html"/></extension><nameUrl value="scenarios.html"/><title value="User Scenarios"/><generation value="markdown"/></page><page><extension url="http://hl7.org/fhir/tools/StructureDefinition/ig-page-name"><valueUrl value="business-processes.html"/></extension><nameUrl value="business-processes.html"/><title value="Business Processes"/><generation value="markdown"/></page><page><extension url="http://hl7.org/fhir/tools/StructureDefinition/ig-page-name"><valueUrl value="dictionary.html"/></extension><nameUrl value="dictionary.html"/><title value="Data Dictionary"/><generation value="markdown"/></page><page><extension url="http://hl7.org/fhir/tools/StructureDefinition/ig-page-name"><valueUrl value="decision-logic.html"/></extension><nameUrl value="decision-logic.html"/><title value="Decision-support logic"/><generation value="markdown"/></page><page><extension url="http://hl7.org/fhir/tools/StructureDefinition/ig-page-name"><valueUrl value="indicators.html"/></extension><nameUrl value="indicators.html"/><title value="Indicator and Performance Metrics"/><generation value="markdown"/></page><page><extension url="http://hl7.org/fhir/tools/StructureDefinition/ig-page-name"><valueUrl value="functional-requirements.html"/></extension><nameUrl value="functional-requirements.html"/><title value="Functional Requirements"/><generation value="markdown"/></page><page><extension url="http://hl7.org/fhir/tools/StructureDefinition/ig-page-name"><valueUrl value="non-functional-requirements.html"/></extension><nameUrl value="non-functional-requirements.html"/><title value="Non-functional Requirements"/><generation value="markdown"/></page></page><page><extension url="http://hl7.org/fhir/tools/StructureDefinition/ig-page-name"><valueUrl value="data-models-and-exchange.html"/></extension><nameUrl value="data-models-and-exchange.html"/><title value="Data Models and Exchange"/><generation value="markdown"/><page><extension url="http://hl7.org/fhir/tools/StructureDefinition/ig-page-name"><valueUrl value="system-actors.html"/></extension><nameUrl value="system-actors.html"/><title value="System Actors"/><generation value="markdown"/></page><page><extension url="http://hl7.org/fhir/tools/StructureDefinition/ig-page-name"><valueUrl value="sequence-diagrams.html"/></extension><nameUrl value="sequence-diagrams.html"/><title value="Sequence Diagrams"/><generation value="markdown"/></page><page><extension url="http://hl7.org/fhir/tools/StructureDefinition/ig-page-name"><valueUrl value="transactions.html"/></extension><nameUrl value="transactions.html"/><title value="Transactions"/><generation value="markdown"/></page><page><extension url="http://hl7.org/fhir/tools/StructureDefinition/ig-page-name"><valueUrl value="indicators-measures.html"/></extension><nameUrl value="indicators-measures.html"/><title value="Indicators and Measures"/><generation value="markdown"/></page><page><extension url="http://hl7.org/fhir/tools/StructureDefinition/ig-page-name"><valueUrl value="codings.html"/></extension><nameUrl value="codings.html"/><title value="Codings"/><generation value="markdown"/></page></page><page><extension url="http://hl7.org/fhir/tools/StructureDefinition/ig-page-name"><valueUrl value="deployment.html"/></extension><nameUrl value="deployment.html"/><title value="Deployment"/><generation value="markdown"/><page><extension url="http://hl7.org/fhir/tools/StructureDefinition/ig-page-name"><valueUrl value="security-privacy.html"/></extension><nameUrl value="security-privacy.html"/><title value="Security and Privacy Considerations"/><generation value="markdown"/></page><page><extension url="http://hl7.org/fhir/tools/StructureDefinition/ig-page-name"><valueUrl value="testing.html"/></extension><nameUrl value="testing.html"/><title value="Testing"/><generation value="markdown"/></page><page><extension url="http://hl7.org/fhir/tools/StructureDefinition/ig-page-name"><valueUrl value="test-data.html"/></extension><nameUrl value="test-data.html"/><title value="Test Data"/><generation value="markdown"/></page><page><extension url="http://hl7.org/fhir/tools/StructureDefinition/ig-page-name"><valueUrl value="reference-implementations.html"/></extension><nameUrl value="reference-implementations.html"/><title value="Reference Implementations"/><generation value="markdown"/></page><page><extension url="http://hl7.org/fhir/tools/StructureDefinition/ig-page-name"><valueUrl value="downloads.html"/></extension><nameUrl value="downloads.html"/><title value="Downloads"/><generation value="markdown"/></page></page><page><extension url="http://hl7.org/fhir/tools/StructureDefinition/ig-page-name"><valueUrl value="indices.html"/></extension><nameUrl value="indices.html"/><title value="Indices"/><generation value="markdown"/><page><extension url="http://hl7.org/fhir/tools/StructureDefinition/ig-page-name"><valueUrl value="artifacts.html"/></extension><nameUrl value="artifacts.html"/><title value="Artifact Index"/><generation value="html"/><page><extension url="http://hl7.org/fhir/tools/StructureDefinition/ig-page-name"><valueUrl value="ActivityDefinition-IMMZD2DTMeaslesCIMR.html"/></extension><nameUrl value="ActivityDefinition-IMMZD2DTMeaslesCIMR.html"/><title value="IMMZ.D2.DT.Measles.Contraindication"/><generation value="generated"/></page><page><extension url="http://hl7.org/fhir/tools/StructureDefinition/ig-page-name"><valueUrl value="ActivityDefinition-IMMZD2DTMeaslesEval.html"/></extension><nameUrl value="ActivityDefinition-IMMZD2DTMeaslesEval.html"/><title value="IMMZ.D2.DT.Measles.Eval"/><generation value="generated"/></page><page><extension url="http://hl7.org/fhir/tools/StructureDefinition/ig-page-name"><valueUrl value="ActivityDefinition-IMMZD2DTMeaslesMR.html"/></extension><nameUrl value="ActivityDefinition-IMMZD2DTMeaslesMR.html"/><title value="IMMZ.D2.DT.Measles.MR"/><generation value="generated"/></page><page><extension url="http://hl7.org/fhir/tools/StructureDefinition/ig-page-name"><valueUrl value="PlanDefinition-IMMZD2DTMeasles.html"/></extension><nameUrl value="PlanDefinition-IMMZD2DTMeasles.html"/><title value="IMMZ.D2.DT.Measles"/><generation value="generated"/></page><page><extension url="http://hl7.org/fhir/tools/StructureDefinition/ig-page-name"><valueUrl value="PlanDefinition-IMMZD2DTMeaslesCI.html"/></extension><nameUrl value="PlanDefinition-IMMZD2DTMeaslesCI.html"/><title value="IMMZ.D2.DT.Measles.Contraindication"/><generation value="generated"/></page><page><extension url="http://hl7.org/fhir/tools/StructureDefinition/ig-page-name"><valueUrl value="PlanDefinition-IMMZDTUmbrella.html"/></extension><nameUrl value="PlanDefinition-IMMZDTUmbrella.html"/><title value="IMMZ.DT.Umbrella"/><generation value="generated"/></page><page><extension url="http://hl7.org/fhir/tools/StructureDefinition/ig-page-name"><valueUrl value="Library-FHIRCommon.html"/></extension><nameUrl value="Library-FHIRCommon.html"/><title value="FHIRCommon"/><generation value="generated"/></page><page><extension url="http://hl7.org/fhir/tools/StructureDefinition/ig-page-name"><valueUrl value="Library-FHIRHelpers.html"/></extension><nameUrl value="Library-FHIRHelpers.html"/><title value="FHIRHelpers"/><generation value="generated"/></page><page><extension url="http://hl7.org/fhir/tools/StructureDefinition/ig-page-name"><valueUrl value="Library-IMMZCommon.html"/></extension><nameUrl value="Library-IMMZCommon.html"/><title value="IMMZCommon"/><generation value="generated"/></page><page><extension url="http://hl7.org/fhir/tools/StructureDefinition/ig-page-name"><valueUrl value="Library-IMMZCommonIzDataElements.html"/></extension><nameUrl value="Library-IMMZCommonIzDataElements.html"/><title value="IMMZCommonIzDataElements"/><generation value="generated"/></page><page><extension url="http://hl7.org/fhir/tools/StructureDefinition/ig-page-name"><valueUrl value="Library-IMMZConcepts.html"/></extension><nameUrl value="Library-IMMZConcepts.html"/><title value="IMMZConcepts"/><generation value="generated"/></page><page><extension url="http://hl7.org/fhir/tools/StructureDefinition/ig-page-name"><valueUrl value="Library-IMMZConfig.html"/></extension><nameUrl value="Library-IMMZConfig.html"/><title value="IMMZConfig"/><generation value="generated"/></page><page><extension url="http://hl7.org/fhir/tools/StructureDefinition/ig-page-name"><valueUrl value="Library-IMMZD2DTMeasles.html"/></extension><nameUrl value="Library-IMMZD2DTMeasles.html"/><title value="IMMZD2DTMeasles"/><generation value="generated"/></page><page><extension url="http://hl7.org/fhir/tools/StructureDefinition/ig-page-name"><valueUrl value="Library-IMMZDT08.html"/></extension><nameUrl value="Library-IMMZDT08.html"/><title value="IMMZDT08"/><generation value="generated"/></page><page><extension url="http://hl7.org/fhir/tools/StructureDefinition/ig-page-name"><valueUrl value="Library-IMMZIndicatorCommon.html"/></extension><nameUrl value="Library-IMMZIndicatorCommon.html"/><title value="IMMZIndicatorCommon"/><generation value="generated"/></page><page><extension url="http://hl7.org/fhir/tools/StructureDefinition/ig-page-name"><valueUrl value="Library-IMMZINDMeasles.html"/></extension><nameUrl value="Library-IMMZINDMeasles.html"/><title value="IMMZINDMeasles"/><generation value="generated"/></page><page><extension url="http://hl7.org/fhir/tools/StructureDefinition/ig-page-name"><valueUrl value="Library-IMMZVaccineLibrary.html"/></extension><nameUrl value="Library-IMMZVaccineLibrary.html"/><title value="IMMZVaccineLibrary"/><generation value="generated"/></page><page><extension url="http://hl7.org/fhir/tools/StructureDefinition/ig-page-name"><valueUrl value="Library-WHOCommon.html"/></extension><nameUrl value="Library-WHOCommon.html"/><title value="WHOCommon"/><generation value="generated"/></page><page><extension url="http://hl7.org/fhir/tools/StructureDefinition/ig-page-name"><valueUrl value="Library-WHOConcepts.html"/></extension><nameUrl value="Library-WHOConcepts.html"/><title value="WHOConcepts"/><generation value="generated"/></page><page><extension url="http://hl7.org/fhir/tools/StructureDefinition/ig-page-name"><valueUrl value="StructureDefinition-IMMZD1clienthistorymeasles.html"/></extension><nameUrl value="StructureDefinition-IMMZD1clienthistorymeasles.html"/><title value="IMMZ-D1 Capture Client History for Measles"/><generation value="generated"/></page><page><extension url="http://hl7.org/fhir/tools/StructureDefinition/ig-page-name"><valueUrl value="StructureDefinition-IMMZCRegisterClient.html"/></extension><nameUrl value="StructureDefinition-IMMZCRegisterClient.html"/><title value="IMMZ.C Register Client"/><generation value="generated"/></page><page><extension url="http://hl7.org/fhir/tools/StructureDefinition/ig-page-name"><valueUrl value="StructureDefinition-IMMZD4CheckContraindications.html"/></extension><nameUrl value="StructureDefinition-IMMZD4CheckContraindications.html"/><title value="IMMZ.D4 Check Contraindications for Measles"/><generation value="generated"/></page><page><extension url="http://hl7.org/fhir/tools/StructureDefinition/ig-page-name"><valueUrl value="Questionnaire-Questionnaire-IMMZD1ClientHistory.html"/></extension><nameUrl value="Questionnaire-Questionnaire-IMMZD1ClientHistory.html"/><title value="Capture Client History Questionnaire"/><generation value="generated"/><page><extension url="http://hl7.org/fhir/tools/StructureDefinition/ig-page-name"><valueUrl value="ValueSet-Questionnaire-IMMZD1ClientHistory_IMMZ-D1.DE10.html"/></extension><nameUrl value="ValueSet-Questionnaire-IMMZD1ClientHistory_IMMZ-D1.DE10.html"/><title value="ValueSet"/><generation value="generated"/></page></page><page><extension url="http://hl7.org/fhir/tools/StructureDefinition/ig-page-name"><valueUrl value="Questionnaire-Questionnaire-IMMZD4CheckContraindications.html"/></extension><nameUrl value="Questionnaire-Questionnaire-IMMZD4CheckContraindications.html"/><title value="Check Contraindications Questionnaire"/><generation value="generated"/><page><extension url="http://hl7.org/fhir/tools/StructureDefinition/ig-page-name"><valueUrl value="ValueSet-Questionnaire-IMMZD4CheckContraindications_IMMZ.D4.DE161.html"/></extension><nameUrl value="ValueSet-Questionnaire-IMMZD4CheckContraindications_IMMZ.D4.DE161.html"/><title value="ValueSet"/><generation value="generated"/></page></page><page><extension url="http://hl7.org/fhir/tools/StructureDefinition/ig-page-name"><valueUrl value="Questionnaire-Questionnaire-IMMZCRegisterClient.html"/></extension><nameUrl value="Questionnaire-Questionnaire-IMMZCRegisterClient.html"/><title value="Client Registration Questionnaire"/><generation value="generated"/><page><extension url="http://hl7.org/fhir/tools/StructureDefinition/ig-page-name"><valueUrl value="ValueSet-Questionnaire-IMMZCRegisterClient_IMMZ-C-DE5.html"/></extension><nameUrl value="ValueSet-Questionnaire-IMMZCRegisterClient_IMMZ-C-DE5.html"/><title value="ValueSet"/><generation value="generated"/></page></page><page><extension url="http://hl7.org/fhir/tools/StructureDefinition/ig-page-name"><valueUrl value="StructureDefinition-SGImmunization.html"/></extension><nameUrl value="StructureDefinition-SGImmunization.html"/><title value="SGImmunization"/><generation value="generated"/></page><page><extension url="http://hl7.org/fhir/tools/StructureDefinition/ig-page-name"><valueUrl value="StructureDefinition-SGVaccineProduct.html"/></extension><nameUrl value="StructureDefinition-SGVaccineProduct.html"/><title value="SGVaccineProduct"/><generation value="generated"/></page><page><extension url="http://hl7.org/fhir/tools/StructureDefinition/ig-page-name"><valueUrl value="StructureDefinition-SGVaccineProposal.html"/></extension><nameUrl value="StructureDefinition-SGVaccineProposal.html"/><title value="SGVaccineProposal"/><generation value="generated"/></page><page><extension url="http://hl7.org/fhir/tools/StructureDefinition/ig-page-name"><valueUrl value="StructureDefinition-SGVaccineRequest.html"/></extension><nameUrl value="StructureDefinition-SGVaccineRequest.html"/><title value="SGVaccineRequest"/><generation value="generated"/></page><page><extension url="http://hl7.org/fhir/tools/StructureDefinition/ig-page-name"><valueUrl value="StructureDefinition-sg-ext-administeredProduct.html"/></extension><nameUrl value="StructureDefinition-sg-ext-administeredProduct.html"/><title value="SGAdministeredProduct"/><generation value="generated"/></page><page><extension url="http://hl7.org/fhir/tools/StructureDefinition/ig-page-name"><valueUrl value="StructureDefinition-SGMedicationClassification.html"/></extension><nameUrl value="StructureDefinition-SGMedicationClassification.html"/><title value="SGMedicationClassification"/><generation value="generated"/></page><page><extension url="http://hl7.org/fhir/tools/StructureDefinition/ig-page-name"><valueUrl value="ValueSet-IMMZ-C-DE5.html"/></extension><nameUrl value="ValueSet-IMMZ-C-DE5.html"/><title value="IMMZ-C-DE5 ValueSet for Sex"/><generation value="generated"/></page><page><extension url="http://hl7.org/fhir/tools/StructureDefinition/ig-page-name"><valueUrl value="ValueSet-IMMZ-D1.DE10.html"/></extension><nameUrl value="ValueSet-IMMZ-D1.DE10.html"/><title value="IMMZ-D1.DE10 ValueSet for HIV Status"/><generation value="generated"/></page><page><extension url="http://hl7.org/fhir/tools/StructureDefinition/ig-page-name"><valueUrl value="ValueSet-IMMZ-D1.DE35.html"/></extension><nameUrl value="ValueSet-IMMZ-D1.DE35.html"/><title value="IMMZ-D1.DE35 ValueSet for Type of polio dose"/><generation value="generated"/></page><page><extension url="http://hl7.org/fhir/tools/StructureDefinition/ig-page-name"><valueUrl value="ValueSet-IMMZ-D1.DE52.html"/></extension><nameUrl value="ValueSet-IMMZ-D1.DE52.html"/><title value="IMMZ-D1.DE52 ValueSet for Type of last JE dose"/><generation value="generated"/></page><page><extension url="http://hl7.org/fhir/tools/StructureDefinition/ig-page-name"><valueUrl value="ValueSet-IMMZ-D1.DE56.html"/></extension><nameUrl value="ValueSet-IMMZ-D1.DE56.html"/><title value="IMMZ-D1.DE56 ValueSet for Type of last TBE dose"/><generation value="generated"/></page><page><extension url="http://hl7.org/fhir/tools/StructureDefinition/ig-page-name"><valueUrl value="ValueSet-IMMZ-D1.DE61.html"/></extension><nameUrl value="ValueSet-IMMZ-D1.DE61.html"/><title value="IMMZ-D1.DE61 ValueSet for Type of last typhoid dose"/><generation value="generated"/></page><page><extension url="http://hl7.org/fhir/tools/StructureDefinition/ig-page-name"><valueUrl value="ValueSet-IMMZ-D1.DE65.html"/></extension><nameUrl value="ValueSet-IMMZ-D1.DE65.html"/><title value="IMMZ-D1.DE65 ValueSet for Type of last cholera dose"/><generation value="generated"/></page><page><extension url="http://hl7.org/fhir/tools/StructureDefinition/ig-page-name"><valueUrl value="ValueSet-IMMZ-D1.DE68.html"/></extension><nameUrl value="ValueSet-IMMZ-D1.DE68.html"/><title value="IMMZ-D1.DE68 ValueSet for Type of last meningococcal dose"/><generation value="generated"/></page><page><extension url="http://hl7.org/fhir/tools/StructureDefinition/ig-page-name"><valueUrl value="ValueSet-IMMZ-D1.DE73.html"/></extension><nameUrl value="ValueSet-IMMZ-D1.DE73.html"/><title value="IMMZ-D1.DE73 ValueSet for Type of last hepatitis A dose"/><generation value="generated"/></page><page><extension url="http://hl7.org/fhir/tools/StructureDefinition/ig-page-name"><valueUrl value="ValueSet-IMMZ-D1.DE84.html"/></extension><nameUrl value="ValueSet-IMMZ-D1.DE84.html"/><title value="IMMZ-D1.DE84 ValueSet for Type of TB infection test performed"/><generation value="generated"/></page><page><extension url="http://hl7.org/fhir/tools/StructureDefinition/ig-page-name"><valueUrl value="ValueSet-IMMZ-D1.DE87.html"/></extension><nameUrl value="ValueSet-IMMZ-D1.DE87.html"/><title value="IMMZ-D1.DE87 ValueSet for TB infection test result"/><generation value="generated"/></page><page><extension url="http://hl7.org/fhir/tools/StructureDefinition/ig-page-name"><valueUrl value="ValueSet-IMMZ.D4.DE161.html"/></extension><nameUrl value="ValueSet-IMMZ.D4.DE161.html"/><title value="IMMZ.D4.DE161 ValueSet for Potential Contraindications"/><generation value="generated"/></page><page><extension url="http://hl7.org/fhir/tools/StructureDefinition/ig-page-name"><valueUrl value="ValueSet-VSMeaslesVaccineProducts.html"/></extension><nameUrl value="ValueSet-VSMeaslesVaccineProducts.html"/><title value="MeaslesVaccine Type ValueSet"/><generation value="generated"/></page><page><extension url="http://hl7.org/fhir/tools/StructureDefinition/ig-page-name"><valueUrl value="ValueSet-VaccineTypes.html"/></extension><nameUrl value="ValueSet-VaccineTypes.html"/><title value="Vaccine Type ValueSet"/><generation value="generated"/></page><page><extension url="http://hl7.org/fhir/tools/StructureDefinition/ig-page-name"><valueUrl value="CodeSystem-ICD11.html"/></extension><nameUrl value="CodeSystem-ICD11.html"/><title value="ICD-11"/><generation value="generated"/></page><page><extension url="http://hl7.org/fhir/tools/StructureDefinition/ig-page-name"><valueUrl value="CodeSystem-IMMZ-C.html"/></extension><nameUrl value="CodeSystem-IMMZ-C.html"/><title value="IMMZ-C CodeSystem for Data Elements"/><generation value="generated"/></page><page><extension url="http://hl7.org/fhir/tools/StructureDefinition/ig-page-name"><valueUrl value="CodeSystem-IMMZ-D1.html"/></extension><nameUrl value="CodeSystem-IMMZ-D1.html"/><title value="IMMZ-D1 CodeSystem for Data Elements"/><generation value="generated"/></page><page><extension url="http://hl7.org/fhir/tools/StructureDefinition/ig-page-name"><valueUrl value="CodeSystem-IMMZ.D4.html"/></extension><nameUrl value="CodeSystem-IMMZ.D4.html"/><title value="IMMZ.D4 CodeSystem for Check Contraindications Data Elements"/><generation value="generated"/></page><page><extension url="http://hl7.org/fhir/tools/StructureDefinition/ig-page-name"><valueUrl value="CodeSystem-VaccineProducts.html"/></extension><nameUrl value="CodeSystem-VaccineProducts.html"/><title value="Vaccine Product codes CodeSet"/><generation value="generated"/></page><page><extension url="http://hl7.org/fhir/tools/StructureDefinition/ig-page-name"><valueUrl value="StructureMap-IMMZCLMToPatient.html"/></extension><nameUrl value="StructureMap-IMMZCLMToPatient.html"/><generation value="generated"/></page><page><extension url="http://hl7.org/fhir/tools/StructureDefinition/ig-page-name"><valueUrl value="StructureMap-IMMZCQRToLM.html"/></extension><nameUrl value="StructureMap-IMMZCQRToLM.html"/><generation value="generated"/></page><page><extension url="http://hl7.org/fhir/tools/StructureDefinition/ig-page-name"><valueUrl value="StructureMap-IMMZCQRToPatient.html"/></extension><nameUrl value="StructureMap-IMMZCQRToPatient.html"/><generation value="generated"/></page><page><extension url="http://hl7.org/fhir/tools/StructureDefinition/ig-page-name"><valueUrl value="StructureMap-IMMZD4LMToResources.html"/></extension><nameUrl value="StructureMap-IMMZD4LMToResources.html"/><generation value="generated"/></page><page><extension url="http://hl7.org/fhir/tools/StructureDefinition/ig-page-name"><valueUrl value="StructureMap-IMMZD4QRToLM.html"/></extension><nameUrl value="StructureMap-IMMZD4QRToLM.html"/><generation value="generated"/></page><page><extension url="http://hl7.org/fhir/tools/StructureDefinition/ig-page-name"><valueUrl value="StructureMap-IMMZD4QRToResources.html"/></extension><nameUrl value="StructureMap-IMMZD4QRToResources.html"/><generation value="generated"/></page><page><extension url="http://hl7.org/fhir/tools/StructureDefinition/ig-page-name"><valueUrl value="ConceptMap-IMMZ-D1.ConceptMap.html"/></extension><nameUrl value="ConceptMap-IMMZ-D1.ConceptMap.html"/><title value="ConceptMap to and from IMMZ-D1 DataElements"/><generation value="generated"/></page><page><extension url="http://hl7.org/fhir/tools/StructureDefinition/ig-page-name"><valueUrl value="ConceptMap-IMMZ.C.ConceptMap.html"/></extension><nameUrl value="ConceptMap-IMMZ.C.ConceptMap.html"/><title value="ConceptMap to and from IMMZ.C DataElements"/><generation value="generated"/></page><page><extension url="http://hl7.org/fhir/tools/StructureDefinition/ig-page-name"><valueUrl value="ConceptMap-IMMZCSexToAdministrativeGender.html"/></extension><nameUrl value="ConceptMap-IMMZCSexToAdministrativeGender.html"/><title value="ConceptMap to and From IMMZ.C sex to administrative gender"/><generation value="generated"/></page><page><extension url="http://hl7.org/fhir/tools/StructureDefinition/ig-page-name"><valueUrl value="ConceptMap-IMMZ.D4.ConceptMap.html"/></extension><nameUrl value="ConceptMap-IMMZ.D4.ConceptMap.html"/><title value="ConceptMap to and from IMMZ.D4 DataElements"/><generation value="generated"/></page><page><extension url="http://hl7.org/fhir/tools/StructureDefinition/ig-page-name"><valueUrl value="ActorDefinition-CommunityHealthWorker.html"/></extension><nameUrl value="ActorDefinition-CommunityHealthWorker.html"/><title value="Community Health Worker"/><generation value="generated"/></page><page><extension url="http://hl7.org/fhir/tools/StructureDefinition/ig-page-name"><valueUrl value="QuestionnaireResponse-IMMZCQuestionnaireResponse1.html"/></extension><nameUrl value="QuestionnaireResponse-IMMZCQuestionnaireResponse1.html"/><title value="Example Questionnaire Response"/><generation value="generated"/></page><page><extension url="http://hl7.org/fhir/tools/StructureDefinition/ig-page-name"><valueUrl value="QuestionnaireResponse-Example.IMMZ.D4.QuestionnaireResponse.1.html"/></extension><nameUrl value="QuestionnaireResponse-Example.IMMZ.D4.QuestionnaireResponse.1.html"/><title value="Example.IMMZ.D4.QuestionnaireResponse.1"/><generation value="generated"/></page><page><extension url="http://hl7.org/fhir/tools/StructureDefinition/ig-page-name"><valueUrl value="QuestionnaireResponse-Example.IMMZ.D4.QuestionnaireResponse.2.html"/></extension><nameUrl value="QuestionnaireResponse-Example.IMMZ.D4.QuestionnaireResponse.2.html"/><title value="Example.IMMZ.D4.QuestionnaireResponse.2"/><generation value="generated"/></page><page><extension url="http://hl7.org/fhir/tools/StructureDefinition/ig-page-name"><valueUrl value="QuestionnaireResponse-Example.IMMZ.D4.QuestionnaireResponse.3.html"/></extension><nameUrl value="QuestionnaireResponse-Example.IMMZ.D4.QuestionnaireResponse.3.html"/><title value="Example.IMMZ.D4.QuestionnaireResponse.3"/><generation value="generated"/></page><page><extension url="http://hl7.org/fhir/tools/StructureDefinition/ig-page-name"><valueUrl value="QuestionnaireResponse-Example.IMMZ.D4.QuestionnaireResponse.4.html"/></extension><nameUrl value="QuestionnaireResponse-Example.IMMZ.D4.QuestionnaireResponse.4.html"/><title value="Example.IMMZ.D4.QuestionnaireResponse.4"/><generation value="generated"/></page><page><extension url="http://hl7.org/fhir/tools/StructureDefinition/ig-page-name"><valueUrl value="ActorDefinition-EPIManager.html"/></extension><nameUrl value="ActorDefinition-EPIManager.html"/><title value="Healthcare Worker"/><generation value="generated"/></page><page><extension url="http://hl7.org/fhir/tools/StructureDefinition/ig-page-name"><valueUrl value="ActorDefinition-HealthWorker.html"/></extension><nameUrl value="ActorDefinition-HealthWorker.html"/><title value="Healthcare Worker"/><generation value="generated"/></page><page><extension url="http://hl7.org/fhir/tools/StructureDefinition/ig-page-name"><valueUrl value="Requirements-immz-e-fxnreq.html"/></extension><nameUrl value="Requirements-immz-e-fxnreq.html"/><title value="IMMUNIZATION - Business Process E: Register Client - Functional requirements"/><generation value="generated"/></page><page><extension url="http://hl7.org/fhir/tools/StructureDefinition/ig-page-name"><valueUrl value="Immunization-Immunization1.html"/></extension><nameUrl value="Immunization-Immunization1.html"/><title value="Immunization1"/><generation value="generated"/></page><page><extension url="http://hl7.org/fhir/tools/StructureDefinition/ig-page-name"><valueUrl value="Measure-IMMZIND05.html"/></extension><nameUrl value="Measure-IMMZIND05.html"/><title value="IMMZIND05"/><generation value="generated"/></page><page><extension url="http://hl7.org/fhir/tools/StructureDefinition/ig-page-name"><valueUrl value="Measure-IMMZIND40.html"/></extension><nameUrl value="Measure-IMMZIND40.html"/><title value="IMMZIND40"/><generation value="generated"/></page><page><extension url="http://hl7.org/fhir/tools/StructureDefinition/ig-page-name"><valueUrl value="Medication-Vaccine-MSDMMRVaxPro.html"/></extension><nameUrl value="Medication-Vaccine-MSDMMRVaxPro.html"/><title value="MSD - M-M-RvaxPRO"/><generation value="generated"/></page><page><extension url="http://hl7.org/fhir/tools/StructureDefinition/ig-page-name"><valueUrl value="Patient-P123456.html"/></extension><nameUrl value="Patient-P123456.html"/><title value="patient123456"/><generation value="generated"/></page><page><extension url="http://hl7.org/fhir/tools/StructureDefinition/ig-page-name"><valueUrl value="Medication-Vaccine-SIIMeasles.html"/></extension><nameUrl value="Medication-Vaccine-SIIMeasles.html"/><title value="Serum Institute of India Measles - Medication Product"/><generation value="generated"/></page><page><extension url="http://hl7.org/fhir/tools/StructureDefinition/ig-page-name"><valueUrl value="MedicationRequest-VaccineProposal1.html"/></extension><nameUrl value="MedicationRequest-VaccineProposal1.html"/><title value="VaccineProposal1"/><generation value="generated"/></page><page><extension url="http://hl7.org/fhir/tools/StructureDefinition/ig-page-name"><valueUrl value="Device-cqf-tooling.html"/></extension><nameUrl value="Device-cqf-tooling.html"/><title value="cqf-tooling"/><generation value="generated"/></page></page><page><extension url="http://hl7.org/fhir/tools/StructureDefinition/ig-page-name"><valueUrl value="maps.html"/></extension><nameUrl value="maps.html"/><title value="Mappings"/><generation value="markdown"/></page></page></page><parameter><code value="path-resource"/><value value="input/actors"/></parameter><parameter><code value="path-resource"/><value value="input/maps"/></parameter><parameter><code value="path-resource"/><value value="input/resources/device"/></parameter><parameter><code value="path-resource"/><value value="input/resources/library"/></parameter><parameter><code value="path-resource"/><value value="input/capabilities"/></parameter><parameter><code value="path-resource"/><value value="input/examples"/></parameter><parameter><code value="path-resource"/><value value="input/extensions"/></parameter><parameter><code value="path-resource"/><value value="input/models"/></parameter><parameter><code value="path-resource"/><value value="input/operations"/></parameter><parameter><code value="path-resource"/><value value="input/profiles"/></parameter><parameter><code value="path-resource"/><value value="input/resources"/></parameter><parameter><code value="path-resource"/><value value="input/vocabulary"/></parameter><parameter><code value="path-resource"/><value value="input/testing"/></parameter><parameter><code value="path-resource"/><value value="input/history"/></parameter><parameter><code value="path-resource"/><value value="fsh-generated/resources"/></parameter><parameter><code value="path-pages"/><value value="template/config"/></parameter><parameter><code value="path-pages"/><value value="input/images"/></parameter><parameter><code value="path-tx-cache"/><value value="input-cache/txcache"/></parameter></definition></ImplementationGuide>